{
  "bgr": 0.23192866551430058,
  "box": 0.04824943795236127,
  "cls": 1.0224167088310738,
  "copy_paste": 0.15746561221297173,
  "cutmix": 0.042053747388696494,
  "data": "/root/yolo11/roboflow_dataset/data.yaml",
  "degrees": 23.191456172001413,
  "fliplr": 0.03660971502837718,
  "flipud": 0.7563514090831246,
  "hsv_h": 0.06211013441722873,
  "hsv_s": 0.7464597770752417,
  "hsv_v": 0.1905650897918473,
  "lr0": 0.08116536767316256,
  "lrf": 0.17133116359050837,
  "mixup": 0.6572173182598604,
  "momentum": 0.6296165946835657,
  "mosaic": 0.31201459025448863,
  "perspective": 0.00030156504258202954,
  "scale": 0.7696423389409927,
  "shear": 0.28995154791450983,
  "translate": 0.8662402854310575,
  "warmup_epochs": 2.247955229924048,
  "warmup_momentum": 0.8680008904861236,
  "weight_decay": 0.00040048536220576995
}