{
  "bgr": 0.06266666951772737,
  "box": 0.1762486788502974,
  "cls": 2.610185627066239,
  "copy_paste": 0.9479116808114093,
  "cutmix": 0.141673610942462,
  "data": "/root/yolo11/roboflow_dataset/data.yaml",
  "degrees": 40.849877565086935,
  "fliplr": 0.6105039394200683,
  "flipud": 0.37800408328574453,
  "hsv_h": 0.0680590127507966,
  "hsv_s": 0.5579993261349055,
  "hsv_v": 0.15017514677975197,
  "lr0": 0.09673051806004779,
  "lrf": 0.9592690167651274,
  "mixup": 0.07489688746264145,
  "momentum": 0.920380276589021,
  "mosaic": 0.13895144925827363,
  "perspective": 0.0005730444995258673,
  "scale": 0.09205949178466548,
  "shear": 4.325296195568921,
  "translate": 0.2501423847290501,
  "warmup_epochs": 2.125029948276591,
  "warmup_momentum": 0.7629871973359114,
  "weight_decay": 3.250118499520927e-05
}