{"time_this_iter_s":31.446176290512085,"time_total_s":1145.9195446968079,"metrics/mAP50-95(B)":0.38376,"timestamp":1764665142,"time_since_restore":1145.9195446968079,"val/cls_loss":2.31887,"metrics/recall(B)":0.66306,"val/box_loss":0.0198,"_step":30,"_timestamp":1.764665142274929e+09,"metrics/precision(B)":0.80037,"_wandb":{"runtime":1142},"_runtime":1142.827017254,"training_iteration":30,"val/dfl_loss":1.27388,"iterations_since_restore":30,"epoch":30,"metrics/mAP50(B)":0.73938}