{
  "bgr": 0.1979395514059049,
  "box": 0.12416069424448375,
  "cls": 2.878813860164093,
  "copy_paste": 0.6055992356950315,
  "cutmix": 0.1879747891032354,
  "data": "/root/yolo11/roboflow_dataset/data.yaml",
  "degrees": 2.3814492145879984,
  "fliplr": 0.9803921611687463,
  "flipud": 0.6609153565200385,
  "hsv_h": 0.08814251509519555,
  "hsv_s": 0.36106852855364846,
  "hsv_v": 0.345207974152137,
  "lr0": 0.06115535838530294,
  "lrf": 0.6404796287603038,
  "mixup": 0.740382856323706,
  "momentum": 0.9030509794587951,
  "mosaic": 0.4799490872661105,
  "perspective": 0.00042694189164116516,
  "scale": 0.31569586079035683,
  "shear": 9.264375718813824,
  "translate": 0.0417213873421477,
  "warmup_epochs": 4.569463145943824,
  "warmup_momentum": 0.0416360210317251,
  "weight_decay": 0.0009349114667871281
}