{"iterations_since_restore":10,"training_iteration":10,"_wandb":{"runtime":859},"metrics/recall(B)":0.54953,"time_total_s":863.1374478340149,"epoch":10,"metrics/precision(B)":0.67122,"timestamp":1764649061,"val/cls_loss":2.14131,"val/box_loss":0.01013,"time_this_iter_s":32.95004153251648,"_timestamp":1.7646490612153223e+09,"time_since_restore":863.1374478340149,"_step":10,"metrics/mAP50(B)":0.58498,"_runtime":859.651601831,"val/dfl_loss":1.84668,"metrics/mAP50-95(B)":0.16401}