{
  "bgr": 0.7915613612656263,
  "box": 0.1737068287553912,
  "cls": 3.7064796542915777,
  "copy_paste": 0.41805683882176004,
  "cutmix": 0.46509569286763663,
  "data": "/root/yolo11/roboflow_dataset/data.yaml",
  "degrees": 11.877610273966098,
  "fliplr": 0.5295728894628094,
  "flipud": 0.21592627247076235,
  "hsv_h": 0.025648135149062935,
  "hsv_s": 0.7912117318325186,
  "hsv_v": 0.8188480255910452,
  "lr0": 0.07107748482072844,
  "lrf": 0.504367100301343,
  "mixup": 0.6000713864356011,
  "momentum": 0.7754219601451017,
  "mosaic": 0.38818959572638223,
  "perspective": 0.0005549988770466573,
  "scale": 0.18816134690595335,
  "shear": 0.17337450204133686,
  "translate": 0.0025076450032623376,
  "warmup_epochs": 0.4627704589903603,
  "warmup_momentum": 0.6869038000567372,
  "weight_decay": 0.0004858542450552537
}