{
  "bgr": 0.7588031308156631,
  "box": 0.19438276594680357,
  "cls": 3.9256044441671913,
  "copy_paste": 0.7999169936618109,
  "cutmix": 0.8454005498516156,
  "data": "/root/yolo11/roboflow_dataset/data.yaml",
  "degrees": 20.833071975816207,
  "fliplr": 0.7751108490080462,
  "flipud": 0.5611694784869895,
  "hsv_h": 0.03752923093634774,
  "hsv_s": 0.5101342873939019,
  "hsv_v": 0.845334908718087,
  "lr0": 0.08673286611247795,
  "lrf": 0.9883036408820378,
  "mixup": 0.1290189822766794,
  "momentum": 0.6224372268510778,
  "mosaic": 0.9154516125758756,
  "perspective": 0.0005012889584933874,
  "scale": 0.6378858374584934,
  "shear": 4.724668737265959,
  "translate": 0.8527753068966117,
  "warmup_epochs": 2.1616851976868268,
  "warmup_momentum": 0.05035030925879539,
  "weight_decay": 0.00010685340656727671
}