{
  "bgr": 0.7856458602097159,
  "box": 0.04587624584834512,
  "cls": 3.231315980253611,
  "copy_paste": 0.8961724023572124,
  "cutmix": 0.6546838315708874,
  "data": "/root/yolo11/roboflow_dataset/data.yaml",
  "degrees": 29.6306904548422,
  "fliplr": 0.15612529765131244,
  "flipud": 0.09567568618318545,
  "hsv_h": 0.006665920434694473,
  "hsv_s": 0.6063572335085602,
  "hsv_v": 0.4799787195164311,
  "lr0": 0.03418535111540756,
  "lrf": 0.9701469737243997,
  "mixup": 0.3220873907316042,
  "momentum": 0.7529311252130191,
  "mosaic": 0.2055996514641356,
  "perspective": 0.0008968848099716482,
  "scale": 0.8148173853344679,
  "shear": 3.6430544827934574,
  "translate": 0.0698147898421665,
  "warmup_epochs": 1.6644684557590583,
  "warmup_momentum": 0.3721274547242509,
  "weight_decay": 0.0005513561003300996
}