{"metrics/mAP50-95(B)":0.45486,"metrics/precision(B)":0.84046,"time_this_iter_s":31.08110284805298,"epoch":60,"iterations_since_restore":60,"training_iteration":60,"metrics/mAP50(B)":0.76678,"_step":60,"val/box_loss":0.00849,"val/cls_loss":3.03277,"_runtime":2348.560179452,"timestamp":1764652939,"time_since_restore":2351.2875649929047,"metrics/recall(B)":0.68596,"time_total_s":2351.2875649929047,"val/dfl_loss":1.13307,"_timestamp":1.7646529395932865e+09,"_wandb":{"runtime":2348}}