{"val/box_loss":0.00695,"epoch":30,"_step":30,"metrics/recall(B)":0.68274,"iterations_since_restore":30,"_timestamp":1.7646614355407906e+09,"metrics/precision(B)":0.81482,"val/cls_loss":3.4798,"time_this_iter_s":31.66170310974121,"_wandb":{"runtime":1017},"_runtime":1017.098168876,"metrics/mAP50-95(B)":0.38473,"metrics/mAP50(B)":0.75518,"val/dfl_loss":1.2862,"time_since_restore":1020.4951889514923,"training_iteration":30,"timestamp":1764661435,"time_total_s":1020.4951889514923}