{
  "bgr": 0.5096711274109408,
  "box": 0.030814977588203812,
  "cls": 1.9538651162497738,
  "copy_paste": 0.6920021739758906,
  "cutmix": 0.20489176717457547,
  "data": "/root/yolo11/roboflow_dataset/data.yaml",
  "degrees": 6.120457905381163,
  "fliplr": 0.03942190566318149,
  "flipud": 0.04777304167062091,
  "hsv_h": 0.010848608372738723,
  "hsv_s": 0.20325651143679566,
  "hsv_v": 0.8653443141553475,
  "lr0": 0.06354676673264059,
  "lrf": 0.26343218227317794,
  "mixup": 0.33313282269013833,
  "momentum": 0.8475334310837528,
  "mosaic": 0.8672203377609379,
  "perspective": 0.00033637378663249005,
  "scale": 0.8715341162796342,
  "shear": 8.79142662879971,
  "translate": 0.7301562431220718,
  "warmup_epochs": 3.273148777782332,
  "warmup_momentum": 0.2967025533645377,
  "weight_decay": 0.0002580862591130434
}