{"time_since_restore":456.821928024292,"_step":10,"val/dfl_loss":1.46901,"metrics/mAP50-95(B)":0.26528,"iterations_since_restore":10,"metrics/precision(B)":0.68315,"_runtime":453.564470273,"metrics/mAP50(B)":0.6455,"val/cls_loss":2.57423,"metrics/recall(B)":0.59075,"val/box_loss":0.04473,"training_iteration":10,"time_total_s":456.821928024292,"epoch":10,"timestamp":1764660411,"_wandb":{"runtime":453},"_timestamp":1.7646604114659305e+09,"time_this_iter_s":31.41991639137268}