{
  "bgr": 0.9501292386143309,
  "box": 0.03827494560694442,
  "cls": 2.00565326688245,
  "copy_paste": 0.09666900397547573,
  "cutmix": 0.502751855090362,
  "data": "/root/yolo11/roboflow_dataset/data.yaml",
  "degrees": 10.225278659409797,
  "fliplr": 0.2515724140440947,
  "flipud": 0.6908118101829928,
  "hsv_h": 0.035012905040789744,
  "hsv_s": 0.3004416103808475,
  "hsv_v": 0.28730084006764334,
  "lr0": 0.03262988676985138,
  "lrf": 0.678359959689958,
  "mixup": 0.2982887731962012,
  "momentum": 0.8879528978216973,
  "mosaic": 0.9035298879353394,
  "perspective": 2.9169196793577434e-05,
  "scale": 0.0035758920568040643,
  "shear": 6.563889644432183,
  "translate": 0.14904070985015874,
  "warmup_epochs": 3.052863340213751,
  "warmup_momentum": 0.5670165332858684,
  "weight_decay": 0.0009823660910481652
}