{
  "bgr": 0.6169556015389632,
  "box": 0.0452204386077916,
  "cls": 1.7877895567509856,
  "copy_paste": 0.10229597024465853,
  "cutmix": 0.5709527509339044,
  "data": "/root/yolo11/roboflow_dataset/data.yaml",
  "degrees": 41.143037891402855,
  "fliplr": 0.6662069762707699,
  "flipud": 0.36011139871432674,
  "hsv_h": 0.05539801003303022,
  "hsv_s": 0.24010540653995913,
  "hsv_v": 0.5848663484027335,
  "lr0": 0.040662529522509525,
  "lrf": 0.43935881241852953,
  "mixup": 0.3706042174666483,
  "momentum": 0.6105861455353023,
  "mosaic": 0.7335085260837086,
  "perspective": 0.0006569678605418617,
  "scale": 0.5284911840225717,
  "shear": 6.990686632945346,
  "translate": 0.4373313799244794,
  "warmup_epochs": 3.1488116684713754,
  "warmup_momentum": 0.5911511651421008,
  "weight_decay": 0.0007538302801566593
}