{"metrics/recall(B)":0.63641,"_timestamp":1.7646501098198414e+09,"metrics/mAP50-95(B)":0.33006,"_runtime":1040.850552999,"metrics/precision(B)":0.7978,"val/dfl_loss":1.40239,"timestamp":1764650109,"time_this_iter_s":32.92150354385376,"_wandb":{"runtime":1040},"val/box_loss":0.04327,"iterations_since_restore":30,"training_iteration":30,"time_since_restore":1044.1718604564667,"epoch":30,"val/cls_loss":5.04391,"time_total_s":1044.1718604564667,"metrics/mAP50(B)":0.72652,"_step":30}