{
  "bgr": 0.8317279055805068,
  "box": 0.17132134442317773,
  "cls": 1.6539602751379503,
  "copy_paste": 0.36746381836403774,
  "cutmix": 0.20482894556977527,
  "data": "/root/yolo11/roboflow_dataset/data.yaml",
  "degrees": 42.32017696007878,
  "fliplr": 0.9356905363090565,
  "flipud": 0.22480955476462194,
  "hsv_h": 0.00022554475964834398,
  "hsv_s": 0.8750399180357359,
  "hsv_v": 0.6937101023540729,
  "lr0": 0.07057527455757485,
  "lrf": 0.8274249782484091,
  "mixup": 0.8340187699776221,
  "momentum": 0.6272563444093427,
  "mosaic": 0.6983503534861453,
  "perspective": 0.0006836776238544798,
  "scale": 0.8389241557580582,
  "shear": 8.515869504047469,
  "translate": 0.5371850416573324,
  "warmup_epochs": 2.580612669057036,
  "warmup_momentum": 0.293525820093933,
  "weight_decay": 3.063616818582948e-05
}