{
  "bgr": 0.5293711521903384,
  "box": 0.16975554922161787,
  "cls": 3.2295624955343256,
  "copy_paste": 0.867367787675641,
  "cutmix": 0.43297569354159104,
  "data": "/root/yolo11/roboflow_dataset/data.yaml",
  "degrees": 23.176804848970594,
  "fliplr": 0.23210974879428836,
  "flipud": 0.19059821506417463,
  "hsv_h": 0.06139939481364193,
  "hsv_s": 0.05513901668336191,
  "hsv_v": 0.21518030782159472,
  "lr0": 0.04033887575209577,
  "lrf": 0.2420426397383319,
  "mixup": 0.20076722089303467,
  "momentum": 0.7694183136536308,
  "mosaic": 0.5828386512708702,
  "perspective": 0.00012793613511604386,
  "scale": 0.1843137892219961,
  "shear": 6.7178777130880265,
  "translate": 0.037858759565116716,
  "warmup_epochs": 3.832815586287619,
  "warmup_momentum": 0.4113564450875246,
  "weight_decay": 0.000753226603853445
}