{
  "bgr": 0.30668437998832176,
  "box": 0.03865475852970274,
  "cls": 3.112836931897213,
  "copy_paste": 0.2107930093543764,
  "cutmix": 0.9924498078963911,
  "data": "/root/yolo11/roboflow_dataset/data.yaml",
  "degrees": 26.626787818646342,
  "fliplr": 0.17948799238303392,
  "flipud": 0.2806800277597916,
  "hsv_h": 0.0496756162112996,
  "hsv_s": 0.06479421592752059,
  "hsv_v": 0.6703136681960984,
  "lr0": 0.057218078132175845,
  "lrf": 0.7956917904233685,
  "mixup": 0.09682295997119639,
  "momentum": 0.8815827140923651,
  "mosaic": 0.5359761534922229,
  "perspective": 6.729630223410432e-05,
  "scale": 0.6973760691588734,
  "shear": 9.000545459577888,
  "translate": 0.27715023179280707,
  "warmup_epochs": 1.5814202193133098,
  "warmup_momentum": 0.3217195464347806,
  "weight_decay": 0.00039465430193627284
}