{
  "bgr": 0.2921138722895922,
  "box": 0.0674013650388219,
  "cls": 3.312403846982913,
  "copy_paste": 0.8733733761848615,
  "cutmix": 0.3066497147869043,
  "data": "/root/yolo11/roboflow_dataset/data.yaml",
  "degrees": 31.04727441832566,
  "fliplr": 0.9244004856536533,
  "flipud": 0.5048812980318255,
  "hsv_h": 0.020247268154411382,
  "hsv_s": 0.20480591032738257,
  "hsv_v": 0.137225193145491,
  "lr0": 0.022124632595492386,
  "lrf": 0.15740370429072906,
  "mixup": 0.3401573743480618,
  "momentum": 0.9203963710182854,
  "mosaic": 0.8593440908996692,
  "perspective": 0.00032286196037478043,
  "scale": 0.6644060081390044,
  "shear": 7.440605909958098,
  "translate": 0.5857165598768916,
  "warmup_epochs": 1.9052823955375948,
  "warmup_momentum": 0.6472459212017858,
  "weight_decay": 0.0006121872390975972
}