{"_wandb":{"runtime":1976},"metrics/precision(B)":0.87872,"iterations_since_restore":60,"val/box_loss":0.02514,"epoch":60,"_step":60,"time_total_s":1979.4793577194214,"_runtime":1976.713927985,"val/dfl_loss":1.03642,"timestamp":1764655731,"training_iteration":60,"time_this_iter_s":30.91340970993042,"_timestamp":1.7646557318879952e+09,"metrics/mAP50-95(B)":0.53282,"metrics/mAP50(B)":0.78108,"time_since_restore":1979.4793577194214,"metrics/recall(B)":0.6801,"val/cls_loss":6.21046}