{
  "bgr": 0.7014444285935184,
  "box": 0.16528090046571853,
  "cls": 1.2171622695431927,
  "copy_paste": 0.07387515671446576,
  "cutmix": 0.3615473707288406,
  "data": "/root/yolo11/roboflow_dataset/data.yaml",
  "degrees": 10.499311023259853,
  "fliplr": 0.25080246729575106,
  "flipud": 0.26322952186644,
  "hsv_h": 0.0488855121557249,
  "hsv_s": 0.17245525816893792,
  "hsv_v": 0.7361490304631519,
  "lr0": 0.019678959545234624,
  "lrf": 0.616737716155813,
  "mixup": 0.21966349471452717,
  "momentum": 0.8265206533649956,
  "mosaic": 0.9966398361022459,
  "perspective": 0.0009042470826036973,
  "scale": 0.7780587588797963,
  "shear": 2.7359219812098456,
  "translate": 0.8140472644294567,
  "warmup_epochs": 0.5981221169509493,
  "warmup_momentum": 0.8939329971385618,
  "weight_decay": 4.995573656637908e-05
}