{
  "bgr": 0.20144709123243376,
  "box": 0.029798780496160242,
  "cls": 0.7609413752129279,
  "copy_paste": 0.44453434823029314,
  "cutmix": 0.5020226904920705,
  "data": "/root/yolo11/roboflow_dataset/data.yaml",
  "degrees": 36.83714764707758,
  "fliplr": 0.29588670655107463,
  "flipud": 0.7097123682155457,
  "hsv_h": 0.09385368348390766,
  "hsv_s": 0.6079293949176534,
  "hsv_v": 0.04062541652550324,
  "lr0": 0.09131358547105245,
  "lrf": 0.41721787779255876,
  "mixup": 0.6486427625454558,
  "momentum": 0.6382561580303701,
  "mosaic": 0.010811484590009357,
  "perspective": 0.0005440437077637745,
  "scale": 0.3900137594239451,
  "shear": 9.669823755674724,
  "translate": 0.46543794856075466,
  "warmup_epochs": 0.24577785570298383,
  "warmup_momentum": 0.9390485349573761,
  "weight_decay": 0.00032149308421077296
}