{"metrics/mAP50-95(B)":0.204,"metrics/mAP50(B)":0.56953,"time_this_iter_s":30.520932912826538,"_step":10,"time_since_restore":472.68715357780457,"metrics/recall(B)":0.51284,"_runtime":468.58517638,"training_iteration":10,"time_total_s":472.68715357780457,"epoch":10,"_timestamp":1.7646593810236542e+09,"timestamp":1764659381,"_wandb":{"runtime":468},"val/cls_loss":6.4029,"iterations_since_restore":10,"val/box_loss":0.05075,"val/dfl_loss":1.49721,"metrics/precision(B)":0.65833}