{"timestamp":1764650583,"training_iteration":10,"_step":10,"metrics/recall(B)":0.57921,"time_total_s":469.79970049858093,"val/dfl_loss":1.41581,"metrics/mAP50-95(B)":0.2603,"_timestamp":1.7646505836963196e+09,"time_since_restore":469.79970049858093,"_runtime":466.550172423,"val/box_loss":0.03153,"epoch":10,"iterations_since_restore":10,"metrics/mAP50(B)":0.61849,"_wandb":{"runtime":466},"val/cls_loss":5.24934,"time_this_iter_s":34.273305892944336,"metrics/precision(B)":0.67383}