{"metrics/mAP50-95(B)":0.21463,"time_since_restore":375.0834059715271,"training_iteration":10,"_timestamp":1.7646533188455162e+09,"metrics/precision(B)":0.669,"val/dfl_loss":1.55033,"val/box_loss":0.01327,"_wandb":{"runtime":371},"val/cls_loss":7.58738,"metrics/mAP50(B)":0.61822,"metrics/recall(B)":0.57717,"timestamp":1764653318,"_step":10,"iterations_since_restore":10,"_runtime":371.401514296,"epoch":10,"time_this_iter_s":32.10031461715698,"time_total_s":375.0834059715271}