{
  "bgr": 0.17649334409689788,
  "box": 0.12593165047800448,
  "cls": 2.3767273045542843,
  "copy_paste": 0.3765602130071287,
  "cutmix": 0.24653541633523757,
  "data": "/root/yolo11/roboflow_dataset/data.yaml",
  "degrees": 33.487999117605916,
  "fliplr": 0.9376470377171922,
  "flipud": 0.42922912692002413,
  "hsv_h": 0.06027078357312149,
  "hsv_s": 0.7919402924004422,
  "hsv_v": 0.7855276503982735,
  "lr0": 0.06377293416361943,
  "lrf": 0.6422412317771728,
  "mixup": 0.8878421060021554,
  "momentum": 0.9007652886761397,
  "mosaic": 0.809948306430394,
  "perspective": 0.0008191463836167417,
  "scale": 0.8097524221299977,
  "shear": 1.908179347522393,
  "translate": 0.08356727402026058,
  "warmup_epochs": 1.2666357598325613,
  "warmup_momentum": 0.5336444121483463,
  "weight_decay": 0.0009042495404268599
}