{
  "bgr": 0.6308390100620889,
  "box": 0.0912782478940167,
  "cls": 1.2320088302991214,
  "copy_paste": 0.8346351177329199,
  "cutmix": 0.7049540694938701,
  "data": "/root/yolo11/roboflow_dataset/data.yaml",
  "degrees": 12.899797890569772,
  "fliplr": 0.8582125936988987,
  "flipud": 0.2187288714771759,
  "hsv_h": 0.007685797035758813,
  "hsv_s": 0.014751238522025246,
  "hsv_v": 0.7888848779730144,
  "lr0": 0.04969693927669794,
  "lrf": 0.704113179106723,
  "mixup": 0.3355612368085902,
  "momentum": 0.8677072108701464,
  "mosaic": 0.6977798560736362,
  "perspective": 0.0007657708816725402,
  "scale": 0.13425381439614933,
  "shear": 8.926861665619661,
  "translate": 0.545943113975657,
  "warmup_epochs": 0.5593167190767473,
  "warmup_momentum": 0.47462731598188296,
  "weight_decay": 0.0005776501080923191
}