{"time_this_iter_s":30.478228330612183,"_timestamp":1.7646566561984878e+09,"metrics/mAP50(B)":0.62875,"metrics/mAP50-95(B)":0.21143,"metrics/precision(B)":0.69945,"metrics/recall(B)":0.57714,"val/box_loss":0.05852,"time_since_restore":920.976461648941,"val/cls_loss":9.03513,"training_iteration":10,"timestamp":1764656656,"iterations_since_restore":10,"time_total_s":920.976461648941,"_step":10,"_runtime":917.85876788,"_wandb":{"runtime":917},"val/dfl_loss":1.64774,"epoch":10}