{"time_total_s":424.7969825267792,"epoch":10,"metrics/mAP50-95(B)":0.25382,"val/box_loss":0.0162,"_step":10,"metrics/recall(B)":0.57006,"_timestamp":1.7646537472971919e+09,"training_iteration":10,"timestamp":1764653747,"time_since_restore":424.7969825267792,"val/dfl_loss":1.4056,"metrics/mAP50(B)":0.60423,"iterations_since_restore":10,"val/cls_loss":8.06525,"_wandb":{"runtime":421},"time_this_iter_s":32.513227462768555,"metrics/precision(B)":0.6575,"_runtime":421.289012747}