{
  "bgr": 0.2885969467588324,
  "box": 0.08280612233464707,
  "cls": 3.576131790360781,
  "copy_paste": 0.5893323888050034,
  "cutmix": 0.4186391069380304,
  "data": "/root/yolo11/roboflow_dataset/data.yaml",
  "degrees": 4.854166519289927,
  "fliplr": 0.13278280470028125,
  "flipud": 0.07985324827624896,
  "hsv_h": 0.06377081314861449,
  "hsv_s": 0.316155428339544,
  "hsv_v": 0.6210630791892472,
  "lr0": 0.03949950797392958,
  "lrf": 0.8222515031809238,
  "mixup": 0.5103568977645518,
  "momentum": 0.6271295709885577,
  "mosaic": 0.2944837833988184,
  "perspective": 0.0005539975559849105,
  "scale": 0.3851592642777085,
  "shear": 3.136828623523531,
  "translate": 0.37674056630905856,
  "warmup_epochs": 0.7657011533747149,
  "warmup_momentum": 0.34374583345586235,
  "weight_decay": 3.342637035172002e-05
}