{"iterations_since_restore":60,"val/cls_loss":6.59168,"_runtime":2374.376429891,"time_since_restore":2376.7026386260986,"time_this_iter_s":31.17182183265686,"metrics/mAP50-95(B)":0.48185,"val/box_loss":0.01108,"time_total_s":2376.7026386260986,"_wandb":{"runtime":2374},"val/dfl_loss":1.09324,"timestamp":1764648193,"metrics/mAP50(B)":0.76107,"training_iteration":60,"epoch":60,"_timestamp":1.764648193693542e+09,"metrics/recall(B)":0.65935,"_step":60,"metrics/precision(B)":0.85246}