{
  "bgr": 0.994349294286733,
  "box": 0.16409718893121159,
  "cls": 2.610358944805085,
  "copy_paste": 0.1485003208653315,
  "cutmix": 0.718328887452846,
  "data": "/root/yolo11/roboflow_dataset/data.yaml",
  "degrees": 7.797617635504846,
  "fliplr": 0.4562769016644862,
  "flipud": 0.6949636623713269,
  "hsv_h": 0.074823074197637,
  "hsv_s": 0.3417248412027065,
  "hsv_v": 0.3876966313172086,
  "lr0": 0.047375364637236655,
  "lrf": 0.5148452740859218,
  "mixup": 0.9170780438439402,
  "momentum": 0.7359373602768224,
  "mosaic": 0.4339850118184593,
  "perspective": 0.0005849621658982906,
  "scale": 0.5713726837410619,
  "shear": 6.006187858676252,
  "translate": 0.7935892975727818,
  "warmup_epochs": 1.0165559234433568,
  "warmup_momentum": 0.8780862079026729,
  "weight_decay": 0.0005315190925525319
}