{"metrics/precision(B)":0.76824,"time_this_iter_s":31.386754751205444,"metrics/mAP50(B)":0.68695,"time_since_restore":566.5191719532013,"val/dfl_loss":1.40728,"_wandb":{"runtime":563},"_timestamp":1.7646599509532244e+09,"training_iteration":10,"timestamp":1764659950,"val/box_loss":0.01032,"epoch":10,"metrics/mAP50-95(B)":0.2852,"metrics/recall(B)":0.61947,"_runtime":563.021801209,"val/cls_loss":4.05724,"iterations_since_restore":10,"_step":10,"time_total_s":566.5191719532013}