{"metrics/precision(B)":0.71636,"epoch":10,"val/cls_loss":3.39184,"training_iteration":10,"_runtime":416.543829278,"val/dfl_loss":1.41993,"metrics/recall(B)":0.58106,"_wandb":{"runtime":416},"time_since_restore":419.9929709434509,"time_total_s":419.9929709434509,"iterations_since_restore":10,"time_this_iter_s":31.696879625320435,"metrics/mAP50-95(B)":0.28085,"metrics/mAP50(B)":0.64396,"val/box_loss":0.04348,"_timestamp":1.7646589043577464e+09,"timestamp":1764658904,"_step":10}