{"_runtime":481.189885328,"val/box_loss":0.00983,"time_total_s":484.33614325523376,"time_since_restore":484.33614325523376,"iterations_since_restore":10,"metrics/recall(B)":0.61698,"val/dfl_loss":1.42752,"metrics/mAP50(B)":0.6773,"epoch":10,"_step":10,"metrics/mAP50-95(B)":0.27792,"metrics/precision(B)":0.72745,"training_iteration":10,"_wandb":{"runtime":481},"val/cls_loss":6.15339,"_timestamp":1.764665630717643e+09,"time_this_iter_s":31.150444269180298,"timestamp":1764665630}