{"training_iteration":60,"time_since_restore":1998.6564962863922,"epoch":60,"_runtime":1995.839383761,"_step":60,"val/dfl_loss":1.14478,"val/box_loss":0.01551,"time_total_s":1998.6564962863922,"_timestamp":1.7646634384710562e+09,"metrics/mAP50(B)":0.76831,"metrics/precision(B)":0.85263,"metrics/recall(B)":0.67641,"val/cls_loss":6.29181,"timestamp":1764663438,"metrics/mAP50-95(B)":0.46054,"time_this_iter_s":30.509451150894165,"iterations_since_restore":60,"_wandb":{"runtime":1995}}