{"_step":30,"metrics/recall(B)":0.65212,"time_this_iter_s":31.780463218688965,"metrics/precision(B)":0.81858,"metrics/mAP50-95(B)":0.37029,"val/cls_loss":5.39481,"timestamp":1764658480,"metrics/mAP50(B)":0.75535,"iterations_since_restore":30,"_wandb":{"runtime":1818},"time_total_s":1820.8956723213196,"val/dfl_loss":1.29266,"time_since_restore":1820.8956723213196,"_runtime":1818.026325274,"_timestamp":1.7646584808187723e+09,"epoch":30,"val/box_loss":0.02961,"training_iteration":30}