{"time_since_restore":549.7647490501404,"_runtime":546.848322102,"metrics/recall(B)":0.55401,"_wandb":{"runtime":546},"epoch":10,"val/cls_loss":2.48971,"time_this_iter_s":30.64653754234314,"_step":10,"metrics/mAP50(B)":0.60248,"metrics/precision(B)":0.67726,"metrics/mAP50-95(B)":0.17837,"_timestamp":1.764663991858356e+09,"timestamp":1764663991,"training_iteration":10,"time_total_s":549.7647490501404,"val/box_loss":0.01545,"val/dfl_loss":1.79225,"iterations_since_restore":10}