{"metrics/recall(B)":0.60263,"training_iteration":10,"metrics/mAP50-95(B)":0.29471,"epoch":10,"iterations_since_restore":10,"_timestamp":1.7646660850171516e+09,"_wandb":{"runtime":447},"timestamp":1764666085,"_runtime":447.13547188,"time_since_restore":450.4702115058899,"val/box_loss":0.04469,"metrics/mAP50(B)":0.67743,"metrics/precision(B)":0.75128,"time_this_iter_s":31.41946291923523,"val/cls_loss":7.69757,"_step":10,"time_total_s":450.4702115058899,"val/dfl_loss":1.38568}