{
  "bgr": 0.3299301269095364,
  "box": 0.06562997686868169,
  "cls": 3.5848365294782107,
  "copy_paste": 0.19096703856273478,
  "cutmix": 0.03157677013334792,
  "data": "/root/yolo11/roboflow_dataset/data.yaml",
  "degrees": 44.8204134587045,
  "fliplr": 0.18122863563861213,
  "flipud": 0.8699135636299012,
  "hsv_h": 0.03461673317624159,
  "hsv_s": 0.6996730849413761,
  "hsv_v": 0.6405784167704541,
  "lr0": 0.04733798632463429,
  "lrf": 0.36429541178457764,
  "mixup": 0.4257062526290213,
  "momentum": 0.6363009800614593,
  "mosaic": 0.8468745029848809,
  "perspective": 0.0008054139714731305,
  "scale": 0.419213943006707,
  "shear": 9.055161370293233,
  "translate": 0.6936074498150022,
  "warmup_epochs": 2.8076028577946683,
  "warmup_momentum": 0.634972632882196,
  "weight_decay": 0.0009678628331793324
}